source,target,weight
272.4,362.9,3
272.4,V58.61,1
272.4,244.9,8
272.4,562.1,1
272.4,401.9,12
272.4,812.44,1
272.4,215.9,1
272.4,620.2,2
272.4,617.9,1
272.4,784.0,1
272.4,220,1
272.4,218.9,2
272.4,493.9,1
272.4,V25.2,1
272.4,724.3,1
272.4,571.8,2
272.4,790.6,2
272.4,577.0,2
272.4,571.3,1
272.4,451.9,1
272.4,401.1,1
272.4,272.2,1
272.4,786.5,1
272.4,550.9,1
272.4,738.4,1
272.4,715.34,1
272.4,726.2,1
272.4,780.57,1
272.4,250.6,3
272.4,250.5,11
272.4,600.00,1
272.4,553.3,2
272.4,535.1,1
272.4,162.9,1
272.4,366.9,4
272.4,272.0,1
272.4,447.9,1
272.4,574.31,1
272.4,733.00,5
272.4,199.1,1
272.4,574.01,1
272.4,813.41,1
272.4,275.0,1
272.4,701.0,1
272.4,V68.1,1
272.4,586,2
272.4,250.4,3
272.4,389.1,1
272.4,413.9,1
272.4,389.9,2
272.4,726.9,1
272.4,241.1,2
272.4,704.01,1
272.4,211.3,1
272.4,534.91,1
272.4,V67.00,1
272.4,423.9,1
272.4,358.00,1
272.4,443.81,1
272.4,365.9,1
272.4,724.2,1
272.4,V42.0,1
272.4,V43.1,1
272.4,727.03,1
272.4,250.91,1
272.4,627.2,1
272.4,367.21,1
272.4,726.73,1
272.4,536.3,1
272.4,V45.51,1
272.4,361.81,1
272.4,696.1,1
272.4,787.91,1
272.4,285.29,1
272.4,369.7,1
272.4,362.02,1
272.4,285.9,1
272.4,375.15,1
272.4,366.41,1
272.4,250.8,1
272.4,374.05,1
272.4,250.51,1
272.4,278.00,2
272.4,436,1
272.4,829.0,1
272.4,411.89,1
272.4,618.9,1
272.4,384.2,1
272.4,426.4,1
272.4,465.8,1
272.4,414.9,1
272.4,410.9,1
272.4,476.0,1
272.4,478.6,1
272.4,281.0,1
272.4,251.2,1
272.4,805.8,1
272.4,412,1
272.4,428.9,1
272.4,715.9,2
272.4,V43.3,1
272.4,277.4,1
272.4,733.9,1
272.4,V15.82,1
272.4,710.2,1
272.4,721.9,1
272.4,709.01,1
272.4,715.36,1
272.4,920,1
272.4,435.9,1
272.4,228.00,1
719.41,354.0,1
719.41,574.00,1
719.41,416.0,1
719.41,701.0,1
719.41,592.0,1
719.41,732.9,1
719.41,813.81,1
719.41,244.9,2
719.41,726.12,2
719.41,79.82,2
719.41,365.04,1
719.41,443.0,1
719.41,436,2
719.41,250.91,1
719.41,242.2,1
719.41,825.25,1
719.41,300.9,1
719.41,722.2,1
719.41,715.36,1
719.41,721.0,1
719.41,427.31,1
719.41,586,1
719.41,366.9,1
719.41,585.1,1
719.41,791.0,1
719.41,426.4,1
719.41,275.4,1
719.41,702.0,1
719.41,401.9,1
719.41,437.9,1
719.41,579.0,1
719.41,459.81,1
719.41,726.73,1
354.0,574.00,1
354.0,365.04,1
354.0,244.8,1
354.0,250.5,5
354.0,620.2,2
354.0,617.9,1
354.0,721.0,1
354.0,477.9,4
354.0,726.1,1
354.0,715.35,2
354.0,188.9,1
354.0,459.81,1
354.0,402.01,1
354.0,753.1,1
354.0,696.1,2
354.0,729.4,1
354.0,627.2,1
354.0,782.3,1
354.0,812.2,1
354.0,241.9,1
354.0,574.2,1
354.0,287.5,1
354.0,535.1,1
354.0,345.9,1
354.0,253.4,1
354.0,308.0,1
354.0,272.0,2
354.0,244.9,2
354.0,564.1,1
354.0,V25.2,1
354.0,553.3,2
354.0,715.36,1
354.0,362.01,1
354.0,305.1,1
354.0,251.0,1
354.0,721.9,1
354.0,V68.1,1
354.0,541,1
354.0,79.82,1
354.0,289.9,1
354.0,648.83,1
354.0,695.3,1
354.0,454.9,1
354.0,530.81,2
354.0,727.3,1
354.0,790.4,1
354.0,215.9,2
354.0,571.8,1
354.0,611.72,1
354.0,626.6,1
354.0,726.9,2
354.0,690.1,1
354.0,455.0,1
354.0,280.9,1
354.0,685.1,1
354.0,788.0,1
354.0,179,1
354.0,362.9,1
354.0,389.9,1
354.0,366.9,1
354.0,737.2,1
354.0,241.0,1
354.0,780.57,1
354.0,250.6,1
354.0,357.2,1
354.0,754.0,1
354.0,300.4,1
354.0,240.0,1
354.0,727.00,1
354.0,733.09,1
354.0,729.1,1
354.0,356.9,1
354.0,706.1,1
253.5,372.14,1
253.5,592.1,1
253.5,424.0,1
253.5,242.9,1
788.3,V24.2,1
788.3,724.2,1
788.3,460,2
788.3,285.9,1
788.3,V22.2,1
788.3,466.0,1
788.3,117.9,1
788.3,311,1
788.3,493.9,2
788.3,728.85,1
788.3,784.0,1
788.3,530.81,1
788.3,375.15,1
788.3,V25.43,1
250.51,300.02,1
250.51,305.1,2
250.51,250.4,4
250.51,289.9,1
250.51,401.9,4
250.51,244.0,1
250.51,369.22,1
250.51,820.21,1
250.51,600.00,1
250.51,250.41,1
250.51,401.1,1
250.51,709.01,1
250.51,250.6,1
250.51,577.0,1
250.51,250.5,2
250.51,250.81,1
250.51,369.00,1
250.51,410.9,1
250.51,682.5,1
250.51,250.53,1
250.51,362.01,2
250.51,696.1,2
250.51,536.3,1
250.51,V45.51,1
250.51,361.81,1
250.51,787.91,1
250.51,285.29,1
250.51,369.7,1
250.51,362.02,1
250.51,553.3,1
250.51,285.9,1
250.51,375.15,1
250.51,366.41,1
250.51,250.8,1
250.51,374.05,1
250.51,362.53,1
250.51,52.9,1
250.51,493.9,1
250.51,780.39,1
250.51,477.9,1
250.51,244.9,1
250.51,251.2,1
250.51,272.1,1
250.51,477.0,1
250.51,812.2,1
250.51,403.9,1
493.9,472.0,2
493.9,477.0,1
493.9,215.9,1
493.9,620.2,1
493.9,617.9,1
493.9,784.0,2
493.9,220,1
493.9,218.9,1
493.9,V25.2,1
493.9,726.9,1
493.9,436,1
493.9,411.1,1
493.9,553.3,1
493.9,V42.4,1
493.9,401.9,2
493.9,V24.2,1
493.9,724.2,1
493.9,460,2
493.9,285.9,1
493.9,V22.2,1
493.9,466.0,3
493.9,117.9,1
493.9,311,1
493.9,728.85,1
493.9,641.13,1
493.9,377.39,2
493.9,648.83,1
493.9,722.2,1
493.9,530.81,1
493.9,375.15,1
493.9,V25.43,1
493.9,362.9,1
493.9,244.9,3
493.9,362.53,1
493.9,52.9,1
493.9,780.39,1
493.9,477.9,1
493.9,305.1,2
493.9,250.4,1
493.9,251.2,1
493.9,564.00,1
493.9,425.4,1
493.9,V25.9,1
493.9,346.9,1
493.9,691.0,1
493.9,715.36,1
493.9,345.9,1
493.9,41.86,1
493.9,733.42,1
493.9,455.6,1
493.9,564.1,1
493.9,371.03,1
493.9,300.14,1
493.9,729.1,1
493.9,79.82,1
493.9,V62.82,1
493.9,556.9,1
493.9,370.21,1
493.9,720.0,1
493.9,278.00,1
493.9,97.9,1
472.0,477.0,1
472.0,493.00,1
472.0,696.0,1
472.0,362.9,1
472.0,466.0,1
472.0,244.9,1
477.0,436,1
477.0,434.11,1
477.0,780.39,1
477.0,389.9,1
477.0,250.4,2
477.0,691.8,1
477.0,250.11,2
477.0,245.2,1
477.0,726.1,1
477.0,244.9,4
477.0,217,1
477.0,709.01,1
477.0,360.21,1
477.0,455.3,1
477.0,53.9,1
477.0,365.9,1
477.0,362.01,1
477.0,272.1,1
477.0,812.2,1
477.0,403.9,1
477.0,V68.2,1
477.0,367.1,1
365.04,244.8,1
365.04,250.5,1
365.04,416.0,1
365.04,701.0,1
365.04,592.0,1
365.04,732.9,1
365.04,813.81,1
365.04,244.9,1
365.04,726.12,1
365.04,79.82,1
365.04,443.0,1
365.04,401.9,1
365.04,709.01,1
365.04,365.9,1
244.8,250.5,1
244.8,715.34,1
244.8,737.3,1
244.8,218.9,1
244.8,753.1,1
244.8,842.13,1
244.8,709.01,1
244.8,696.1,1
244.8,593.2,1
244.8,345.9,2
244.8,384.2,1
244.8,742.9,1
244.8,272.0,1
244.8,758.6,1
244.8,54.1,1
250.5,278.01,1
250.5,300.4,3
250.5,250.8,4
250.5,V49.70,1
250.5,272.2,1
250.5,634.9,1
250.5,362.01,1
250.5,728.6,3
250.5,V25.2,1
250.5,370.00,1
250.5,250.9,3
250.5,790.4,1
250.5,556.9,1
250.5,242.9,2
250.5,428.9,3
250.5,239.4,1
250.5,356.9,2
250.5,250.6,6
250.5,600.00,2
250.5,401.9,15
250.5,496,4
250.5,250.73,1
250.5,459.9,1
250.5,433.3,1
250.5,250.4,6
250.5,162.9,1
250.5,366.9,3
250.5,272.0,5
250.5,447.9,1
250.5,574.31,1
250.5,733.00,3
250.5,199.1,1
250.5,574.01,1
250.5,813.41,1
250.5,275.0,1
250.5,701.0,1
250.5,V68.1,2
250.5,586,2
250.5,244.9,7
250.5,585.3,1
250.5,592.0,1
250.5,592.9,1
250.5,410.9,3
250.5,715.34,1
250.5,250.7,1
250.5,443.9,2
250.5,788.0,1
250.5,716.98,1
250.5,716.59,1
250.5,716.97,1
250.5,492.8,1
250.5,423.9,2
250.5,714.0,1
250.5,415.19,2
250.5,733.01,1
250.5,716.9,1
250.5,362.5,1
250.5,577.0,2
250.5,250.81,1
250.5,369.00,2
250.5,682.5,1
250.5,599.0,1
250.5,359.1,1
250.5,V68.9,1
250.5,426.4,1
250.5,427.2,1
250.5,997.99,1
250.5,367.21,1
250.5,726.73,1
250.5,362.9,3
250.5,726.9,2
250.5,790.6,1
250.5,427.6,1
250.5,427.69,1
250.5,626.6,1
250.5,216.9,1
250.5,733.9,2
250.5,627.3,1
250.5,379.23,1
250.5,472.1,1
250.5,721.9,3
250.5,564.1,1
250.5,738.4,1
250.5,365.9,1
250.5,791.0,3
250.5,536.3,1
250.5,V45.51,1
250.5,361.81,1
250.5,696.1,1
250.5,787.91,1
250.5,285.29,1
250.5,369.7,1
250.5,362.02,1
250.5,553.3,1
250.5,285.9,1
250.5,375.15,1
250.5,366.41,1
250.5,374.05,1
250.5,278.00,3
250.5,362.1,1
250.5,V15.82,1
250.5,727.03,1
250.5,493.00,1
250.5,727.04,1
250.5,250.41,1
250.5,465.8,1
250.5,414.9,1
250.5,476.0,1
250.5,478.6,1
250.5,389.9,2
250.5,281.0,1
250.5,251.2,2
250.5,805.8,1
250.5,780.4,1
250.5,331.9,1
250.5,38.3,1
250.5,596.54,1
250.5,781.3,1
250.5,715.9,1
250.5,V43.3,1
250.5,217,1
250.5,737.2,1
250.5,241.0,1
250.5,780.57,1
250.5,807.09,1
250.5,829.0,1
250.5,215.9,1
250.5,477.9,2
250.5,715.09,1
250.5,V70.5,1
250.5,282.4,1
250.5,413.9,1
250.5,537.9,1
250.5,311,1
250.5,323.61,1
250.5,250.13,1
250.5,486,1
250.5,75,1
250.5,831.00,1
250.5,V16.0,1
250.5,794.5,1
250.5,11.9,1
250.5,716.95,1
250.5,38.9,1
250.5,716.91,1
250.5,357.2,1
250.5,754.0,1
250.5,240.0,1
250.5,727.00,1
250.5,733.09,1
250.5,729.1,1
362.9,V58.61,1
362.9,244.9,4
362.9,562.1,1
362.9,401.9,5
362.9,812.44,1
362.9,553.3,1
362.9,535.1,1
362.9,726.9,1
362.9,790.6,1
362.9,427.6,1
362.9,427.69,1
362.9,626.6,1
362.9,216.9,1
362.9,733.9,1
362.9,627.3,1
362.9,436,2
362.9,829.0,1
362.9,411.89,1
362.9,733.00,1
362.9,127.4,1
362.9,791.0,1
362.9,790.4,1
362.9,V67.00,1
362.9,540.0,1
362.9,567.9,1
362.9,719.4,1
362.9,355.9,1
362.9,586,1
362.9,272.0,1
362.9,466.0,1
362.9,389.9,1
362.9,366.9,1
362.9,737.2,1
362.9,241.0,1
362.9,780.57,1
V58.61,244.9,1
V58.61,562.1,1
V58.61,401.9,1
V58.61,812.44,1
244.9,562.1,1
244.9,401.9,11
244.9,812.44,1
244.9,300.00,1
244.9,416.0,1
244.9,701.0,1
244.9,592.0,3
244.9,732.9,1
244.9,813.81,1
244.9,726.12,1
244.9,79.82,1
244.9,443.0,3
244.9,492.8,1
244.9,496,1
244.9,577.0,1
244.9,215.9,3
244.9,285.9,1
244.9,709.01,2
244.9,474.9,1
244.9,493.00,3
244.9,477.9,3
244.9,696.0,1
244.9,41.86,1
244.9,157.9,1
244.9,197.7,1
244.9,V15.0,3
244.9,518.89,1
244.9,726.1,3
244.9,790.6,4
244.9,792.1,1
244.9,585.3,1
244.9,715.34,1
244.9,737.3,2
244.9,715.35,1
244.9,733.00,3
244.9,574.1,1
244.9,389.1,1
244.9,413.9,2
244.9,389.9,3
244.9,726.9,2
244.9,241.1,2
244.9,704.01,2
244.9,780.4,2
244.9,362.81,1
244.9,436,1
244.9,780.52,1
244.9,362.1,2
244.9,845.00,1
244.9,308.0,4
244.9,823.8,1
244.9,346.9,2
244.9,698.3,1
244.9,272.1,1
244.9,696.1,1
244.9,726.0,1
244.9,183.0,1
244.9,179,1
244.9,362.01,2
244.9,362.29,1
244.9,714.0,1
244.9,471.9,1
244.9,250.4,2
244.9,716.94,1
244.9,414.9,2
244.9,V15.1,1
244.9,780.57,1
244.9,637.9,1
244.9,721.9,2
244.9,574.2,2
244.9,V43.1,1
244.9,727.03,2
244.9,250.91,1
244.9,627.2,1
244.9,280.9,1
244.9,715.89,1
244.9,289.9,1
244.9,427.6,1
244.9,427.69,1
244.9,626.6,1
244.9,216.9,1
244.9,733.9,2
244.9,627.3,1
244.9,345.11,1
244.9,365.1,1
244.9,694.5,1
244.9,272.0,2
244.9,38.9,1
244.9,717.7,1
244.9,717.5,1
244.9,V67.00,2
244.9,278.00,5
244.9,714.2,1
244.9,617.9,1
244.9,710.2,2
244.9,300.4,1
244.9,218.9,1
244.9,714.3,1
244.9,556.9,1
244.9,423.2,1
244.9,112.9,1
244.9,211.3,1
244.9,728.6,1
244.9,394.0,1
244.9,427.32,1
244.9,535.5,1
244.9,245.0,2
244.9,255.4,2
244.9,643.03,1
244.9,367.0,1
244.9,729.1,1
244.9,459.81,2
244.9,287.5,1
244.9,535.1,1
244.9,345.9,2
244.9,253.4,1
244.9,564.1,1
244.9,V25.2,1
244.9,724.2,1
244.9,357.0,1
244.9,V45.51,2
244.9,715.96,1
244.9,553.3,1
244.9,366.2,1
244.9,362.07,1
244.9,429.0,1
244.9,V15.82,2
244.9,260,1
244.9,756.16,1
244.9,259.1,1
244.9,610.0,1
244.9,245.2,1
244.9,217,1
244.9,579.0,2
244.9,726.73,1
244.9,465.8,1
244.9,410.9,1
244.9,250.93,1
244.9,387.9,1
244.9,367.2,1
244.9,277.4,1
244.9,460,1
244.9,463,1
244.9,360.21,1
244.9,455.3,1
244.9,493.01,1
244.9,466.0,1
244.9,723.1,1
244.9,536.8,1
244.9,729.2,1
244.9,722.2,1
244.9,372.3,1
244.9,V15.01,1
244.9,735.0,1
244.9,736.73,1
244.9,362.53,1
244.9,52.9,1
244.9,780.39,1
244.9,305.1,1
244.9,251.2,1
244.9,242.2,1
244.9,611.72,1
244.9,847.0,1
244.9,214.9,1
244.9,364.3,1
244.9,54.9,1
244.9,805.8,1
244.9,566,1
244.9,367.1,3
244.9,V68.2,1
244.9,V14.0,1
244.9,240.9,1
244.9,715.36,1
244.9,715.9,1
244.9,691.0,1
244.9,794.31,1
244.9,394.9,1
244.9,690.1,1
562.1,401.9,1
562.1,812.44,1
562.1,592.0,1
562.1,411.1,1
562.1,98.85,1
562.1,V65.42,1
562.1,157.9,1
562.1,825.2,1
562.1,272.1,1
562.1,V15.1,1
562.1,357.4,1
562.1,780.57,1
562.1,440.9,1
562.1,717.7,1
401.9,812.44,1
401.9,362.01,3
401.9,250.6,6
401.9,250.9,1
401.9,278.00,3
401.9,410.9,5
401.9,726.19,1
401.9,784.0,1
401.9,346.9,1
401.9,812.2,1
401.9,600.00,2
401.9,496,2
401.9,715.36,3
401.9,428.9,3
401.9,719.55,1
401.9,727.51,1
401.9,250.4,9
401.9,403.9,1
401.9,531.3,1
401.9,530.81,2
401.9,440.21,1
401.9,459.9,1
401.9,355.9,2
401.9,530.2,1
401.9,250.7,2
401.9,532.3,1
401.9,703.8,1
401.9,305.1,1
401.9,438.0,1
401.9,536.8,2
401.9,309.9,1
401.9,553.3,3
401.9,695.1,1
401.9,715.34,1
401.9,586,5
401.9,443.9,2
401.9,250.8,2
401.9,788.0,1
401.9,716.98,1
401.9,716.59,1
401.9,716.97,1
401.9,709.01,2
401.9,281.9,1
401.9,459.81,1
401.9,556.9,1
401.9,211.3,1
401.9,227.3,1
401.9,721.0,4
401.9,365.9,4
401.9,436,4
401.9,411.1,1
401.9,V42.4,1
401.9,577.0,2
401.9,250.81,1
401.9,369.00,1
401.9,682.5,1
401.9,790.6,2
401.9,V15.82,1
401.9,782.4,1
401.9,790.4,1
401.9,V43.1,1
401.9,727.03,1
401.9,250.91,1
401.9,627.2,1
401.9,244.0,1
401.9,724.02,1
401.9,215.9,1
401.9,366.9,2
401.9,217,1
401.9,726.9,1
401.9,427.6,1
401.9,427.69,1
401.9,626.6,1
401.9,216.9,1
401.9,733.9,1
401.9,627.3,1
401.9,V45.3,1
401.9,574.2,1
401.9,577.9,1
401.9,375.15,2
401.9,463,1
401.9,726.32,1
401.9,211.1,1
401.9,571.0,1
401.9,287.5,1
401.9,571.2,1
401.9,576.8,1
401.9,694.4,1
401.9,694.5,1
401.9,155.0,1
401.9,573.8,1
401.9,571.5,1
401.9,427.31,1
401.9,585.1,1
401.9,791.0,2
401.9,426.4,1
401.9,275.4,1
401.9,702.0,1
401.9,726.12,1
401.9,437.9,1
401.9,536.3,1
401.9,V45.51,2
401.9,361.81,1
401.9,696.1,1
401.9,787.91,1
401.9,285.29,1
401.9,369.7,1
401.9,362.02,1
401.9,285.9,1
401.9,366.41,1
401.9,374.05,1
401.9,340,2
401.9,272.1,1
401.9,715.9,2
401.9,272.2,1
401.9,722.2,3
401.9,127.4,1
401.9,715.96,1
401.9,366.2,1
401.9,362.07,1
401.9,790.5,1
401.9,378.54,1
401.9,780.57,1
401.9,748.3,1
401.9,493.91,1
401.9,719.4,1
401.9,790.7,1
401.9,584.9,1
401.9,785.52,2
401.9,285.8,1
401.9,480.3,1
401.9,724.3,1
401.9,722.1,1
401.9,465.8,1
401.9,414.9,1
401.9,70.51,1
401.9,571.9,1
401.9,720.1,1
401.9,440.8,1
401.9,476.0,1
401.9,478.6,1
401.9,389.9,1
401.9,281.0,1
401.9,733.00,1
401.9,251.2,1
401.9,805.8,1
401.9,412,1
401.9,V43.3,1
401.9,723.1,1
401.9,592.0,1
401.9,493.00,1
401.9,729.2,1
401.9,308.0,1
401.9,726.1,1
401.9,372.3,1
401.9,180.9,1
401.9,715.09,1
401.9,477.9,1
401.9,272.0,2
401.9,V70.5,1
401.9,282.4,1
401.9,413.9,1
401.9,537.9,1
401.9,311,1
401.9,425.4,1
401.9,V25.9,1
401.9,473.9,1
401.9,571.8,1
401.9,553.21,1
401.9,701.0,1
401.9,721.9,1
401.9,781.0,1
401.9,794.31,1
401.9,394.9,1
401.9,920,1
401.9,435.9,1
401.9,228.00,1
V67.00,V24.2,1
V67.00,459.81,1
V67.00,733.00,2
V67.00,722.2,1
V67.00,534.91,1
V67.00,250.6,1
V67.00,423.9,1
V67.00,358.00,1
V67.00,443.81,1
V67.00,365.9,1
V67.00,250.7,1
V67.00,709.01,3
V67.00,722.93,1
V67.00,733.9,1
V67.00,542,1
V67.00,722.1,1
V67.00,278.00,1
V67.00,162.3,1
V67.00,530.81,1
V67.00,V45.51,1
V67.00,440.8,1
V67.00,540.0,1
V67.00,567.9,1
V67.00,780.8,1
V67.00,691.8,1
V67.00,78.19,1
V24.2,459.81,1
V24.2,724.2,1
V24.2,460,1
V24.2,285.9,1
V24.2,V22.2,1
V24.2,466.0,1
V24.2,117.9,1
V24.2,311,1
V24.2,728.85,1
459.81,477.9,2
459.81,281.9,1
459.81,556.9,1
459.81,272.0,1
459.81,733.00,1
459.81,401.0,1
459.81,722.1,1
459.81,620.2,1
459.81,617.9,1
459.81,721.0,1
459.81,726.1,1
459.81,715.35,1
459.81,188.9,1
459.81,643.03,1
459.81,367.0,1
459.81,389.9,1
459.81,729.1,1
459.81,435.9,1
459.81,242.9,1
459.81,379.23,1
459.81,345.9,1
459.81,244.3,1
459.81,579.0,1
459.81,726.73,1
459.81,V45.51,1
459.81,V68.1,1
459.81,637.9,1
459.81,805.2,1
459.81,41.86,1
459.81,719.65,1
459.81,443.0,1
278.01,300.4,1
278.01,250.8,1
278.01,V49.70,1
278.01,272.2,1
278.01,634.9,1
300.4,250.8,1
300.4,V49.70,1
300.4,272.2,1
300.4,634.9,1
300.4,714.2,1
300.4,617.9,1
300.4,710.2,1
300.4,218.9,1
300.4,714.3,1
300.4,556.9,1
300.4,493.00,1
300.4,727.04,1
300.4,733.9,1
300.4,357.2,1
300.4,754.0,1
300.4,726.9,1
300.4,240.0,1
300.4,727.00,1
300.4,733.09,1
300.4,729.1,1
300.4,356.9,1
250.8,V49.70,1
250.8,272.2,1
250.8,634.9,1
250.8,496,1
250.8,250.9,1
250.8,728.6,1
250.8,715.34,1
250.8,586,1
250.8,600.00,1
250.8,250.7,1
250.8,443.9,1
250.8,250.4,3
250.8,788.0,1
250.8,716.98,1
250.8,716.59,1
250.8,716.97,1
250.8,536.3,1
250.8,V45.51,1
250.8,361.81,1
250.8,696.1,1
250.8,787.91,1
250.8,285.29,1
250.8,369.7,1
250.8,362.02,1
250.8,553.3,1
250.8,285.9,1
250.8,375.15,1
250.8,366.41,1
250.8,374.05,1
250.8,492.8,1
250.8,V42.0,1
250.8,305.1,1
V49.70,272.2,1
V49.70,634.9,1
272.2,634.9,1
272.2,724.3,1
272.2,571.8,3
272.2,790.6,2
272.2,577.0,1
272.2,571.3,1
272.2,451.9,1
272.2,401.1,1
272.2,786.5,1
272.2,788.0,1
272.2,340,1
272.2,721.0,1
272.2,272.1,1
272.2,715.9,1
272.2,722.2,1
272.2,593.89,1
272.2,189.0,1
272.2,708.9,1
272.2,427.31,1
272.2,241.1,1
272.2,239.5,1
272.2,686.1,1
272.2,470,1
272.2,278.00,1
362.01,472.1,1
362.01,787.91,1
362.01,728.6,1
362.01,250.6,1
362.01,250.9,1
362.01,278.00,1
362.01,410.9,2
362.01,362.29,1
362.01,714.0,1
362.01,471.9,1
362.01,250.4,3
362.01,716.94,1
362.01,717.7,1
362.01,717.5,1
362.01,401.1,1
362.01,188.9,1
362.01,272.0,1
362.01,250.53,1
362.01,696.1,1
362.01,715.36,1
362.01,477.9,1
362.01,305.1,1
362.01,251.0,1
362.01,440.8,1
362.01,723.1,1
362.01,362.83,1
362.01,530.81,1
362.01,785.52,1
362.01,180.9,1
362.01,365.9,1
362.01,272.1,1
362.01,812.2,1
362.01,403.9,1
472.1,787.91,1
472.1,379.23,1
472.1,721.9,1
472.1,272.0,1
472.1,564.1,1
472.1,738.4,1
472.1,369.00,1
472.1,365.9,1
787.91,536.3,1
787.91,V45.51,1
787.91,361.81,1
787.91,696.1,1
787.91,250.4,1
787.91,285.29,1
787.91,369.7,1
787.91,362.02,1
787.91,553.3,1
787.91,285.9,1
787.91,375.15,1
787.91,366.41,1
787.91,374.05,1
280.9,715.89,1
280.9,289.9,2
280.9,477.9,1
280.9,648.83,1
280.9,695.3,1
280.9,620.2,1
280.9,454.9,1
280.9,530.81,1
280.9,727.3,1
280.9,696.1,1
280.9,790.4,1
280.9,215.9,1
280.9,571.8,1
280.9,611.72,1
280.9,626.6,1
280.9,726.9,1
280.9,272.0,1
280.9,553.3,1
280.9,690.1,1
280.9,455.0,1
280.9,685.1,1
280.9,788.0,1
280.9,179,1
280.9,599.0,1
280.9,380.4,1
280.9,447.6,1
280.9,53.9,1
280.9,616.1,1
728.6,726.32,1
728.6,250.6,1
728.6,592.9,1
728.6,410.9,1
728.6,496,1
728.6,250.9,1
728.6,423.2,1
728.6,112.9,1
728.6,211.3,1
728.6,394.0,1
728.6,427.32,1
728.6,535.5,1
305.1,250.4,4
305.1,289.9,1
305.1,300.00,1
305.1,531.3,1
305.1,530.81,1
305.1,440.21,1
305.1,459.9,1
305.1,355.9,1
305.1,530.2,1
305.1,250.7,1
305.1,532.3,1
305.1,703.8,1
305.1,438.0,1
305.1,805.4,1
305.1,736.42,1
305.1,718.86,1
305.1,815.00,1
305.1,717.5,1
305.1,454.9,1
305.1,574.2,1
305.1,790.6,1
305.1,582.9,1
305.1,550.9,1
305.1,272.1,1
305.1,997.91,1
305.1,715.36,2
305.1,477.9,2
305.1,251.0,1
305.1,492.8,1
305.1,V42.0,1
305.1,362.53,1
305.1,52.9,1
305.1,780.39,1
305.1,251.2,1
305.1,345.9,1
305.1,41.86,1
305.1,733.42,1
305.1,455.6,1
305.1,564.1,1
305.1,371.03,1
305.1,300.14,1
305.1,377.39,1
305.1,729.1,1
305.1,79.82,1
305.1,V62.82,1
305.1,556.9,1
305.1,370.21,1
305.1,720.0,1
250.4,289.9,1
250.4,496,2
250.4,250.73,1
250.4,459.9,2
250.4,433.3,1
250.4,715.36,1
250.4,428.9,1
250.4,719.55,1
250.4,727.51,1
250.4,403.9,2
250.4,701.0,1
250.4,V68.1,1
250.4,586,3
250.4,366.9,1
250.4,531.3,1
250.4,530.81,1
250.4,440.21,1
250.4,355.9,1
250.4,530.2,1
250.4,250.7,2
250.4,532.3,1
250.4,703.8,1
250.4,438.0,1
250.4,715.34,1
250.4,600.00,1
250.4,443.9,2
250.4,788.0,1
250.4,716.98,1
250.4,716.59,1
250.4,716.97,1
250.4,211.3,1
250.4,362.29,1
250.4,714.0,1
250.4,471.9,1
250.4,716.94,1
250.4,536.3,1
250.4,V45.51,1
250.4,361.81,1
250.4,696.1,2
250.4,285.29,1
250.4,369.7,1
250.4,362.02,1
250.4,553.3,1
250.4,285.9,1
250.4,375.15,1
250.4,366.41,1
250.4,374.05,1
250.4,790.5,1
250.4,378.54,1
250.4,780.57,1
250.4,436,1
250.4,434.11,1
250.4,780.39,2
250.4,389.9,1
250.4,790.7,1
250.4,584.9,1
250.4,785.52,1
250.4,285.8,1
250.4,480.3,1
250.4,492.8,1
250.4,V42.0,1
250.4,723.1,1
250.4,362.83,1
250.4,362.53,1
250.4,52.9,1
250.4,477.9,2
250.4,251.2,1
250.4,715.09,1
250.4,272.0,1
250.4,V70.5,1
250.4,577.0,1
250.4,282.4,1
250.4,413.9,1
250.4,537.9,1
250.4,311,1
250.4,272.1,1
250.4,812.2,1
289.9,715.89,1
289.9,477.9,1
289.9,648.83,1
289.9,695.3,1
289.9,620.2,1
289.9,454.9,1
289.9,530.81,1
289.9,727.3,1
289.9,696.1,1
289.9,790.4,1
289.9,215.9,1
289.9,571.8,1
289.9,611.72,1
289.9,626.6,1
289.9,726.9,1
289.9,272.0,1
289.9,553.3,1
289.9,690.1,1
289.9,455.0,1
289.9,685.1,1
289.9,788.0,1
289.9,179,1
477.9,215.9,2
477.9,474.9,1
477.9,493.00,2
477.9,696.0,1
477.9,41.86,1
477.9,157.9,1
477.9,197.7,1
477.9,V15.0,2
477.9,518.89,1
477.9,375.01,1
477.9,620.2,2
477.9,617.9,1
477.9,721.0,1
477.9,726.1,1
477.9,715.35,2
477.9,188.9,1
477.9,715.36,1
477.9,251.0,1
477.9,300.00,1
477.9,535.1,1
477.9,359.29,1
477.9,785.2,1
477.9,541,1
477.9,79.82,1
477.9,249.91,1
477.9,277.4,1
477.9,648.83,1
477.9,695.3,1
477.9,454.9,1
477.9,530.81,1
477.9,727.3,1
477.9,696.1,1
477.9,790.4,1
477.9,571.8,1
477.9,611.72,1
477.9,626.6,1
477.9,726.9,1
477.9,272.0,2
477.9,553.3,1
477.9,690.1,2
477.9,455.0,1
477.9,685.1,2
477.9,788.0,1
477.9,179,1
477.9,362.53,1
477.9,52.9,1
477.9,780.39,1
477.9,251.2,2
477.9,715.09,1
477.9,V70.5,1
477.9,245.2,1
477.9,216.9,1
477.9,276.2,1
477.9,250.91,1
477.9,460,1
477.9,995.3,1
477.9,736.79,1
477.9,737.2,1
215.9,620.2,2
215.9,617.9,1
215.9,784.0,1
215.9,220,1
215.9,218.9,1
215.9,V25.2,1
215.9,285.9,1
215.9,709.01,1
215.9,474.9,1
215.9,493.00,1
215.9,696.0,1
215.9,41.86,1
215.9,157.9,1
215.9,197.7,1
215.9,V15.0,1
215.9,518.89,1
215.9,726.0,1
215.9,183.0,1
215.9,179,2
215.9,366.9,1
215.9,365.9,1
215.9,217,1
215.9,648.83,1
215.9,695.3,1
215.9,454.9,1
215.9,530.81,1
215.9,727.3,1
215.9,696.1,1
215.9,790.4,1
215.9,571.8,1
215.9,611.72,1
215.9,626.6,1
215.9,726.9,1
215.9,272.0,1
215.9,553.3,1
215.9,690.1,1
215.9,455.0,1
215.9,685.1,1
215.9,788.0,1
215.9,250.6,1
620.2,617.9,2
620.2,784.0,1
620.2,220,2
620.2,218.9,2
620.2,V25.2,1
620.2,721.0,1
620.2,726.1,1
620.2,715.35,1
620.2,188.9,1
620.2,426.4,1
620.2,648.83,1
620.2,695.3,1
620.2,454.9,1
620.2,530.81,1
620.2,727.3,1
620.2,696.1,1
620.2,790.4,1
620.2,571.8,1
620.2,611.72,1
620.2,626.6,1
620.2,726.9,1
620.2,272.0,1
620.2,553.3,1
620.2,690.1,1
620.2,455.0,1
620.2,685.1,1
620.2,788.0,1
620.2,179,1
620.2,V72.32,1
620.2,616.1,1
617.9,784.0,1
617.9,220,1
617.9,218.9,2
617.9,V25.2,1
617.9,721.0,1
617.9,726.1,1
617.9,715.35,1
617.9,188.9,1
617.9,714.2,1
617.9,710.2,1
617.9,714.3,1
617.9,556.9,1
784.0,220,1
784.0,218.9,1
784.0,V25.2,1
784.0,726.19,1
784.0,346.9,1
784.0,812.2,1
784.0,530.81,1
784.0,460,1
784.0,375.15,1
784.0,V25.43,1
784.0,733.9,1
784.0,427.89,1
784.0,782.0,1
220,218.9,1
220,V25.2,1
220,V72.32,1
220,616.1,1
218.9,V25.2,1
218.9,715.34,1
218.9,737.3,1
218.9,753.1,1
218.9,842.13,1
218.9,709.01,1
218.9,696.1,1
218.9,593.2,1
218.9,714.2,1
218.9,710.2,1
218.9,714.3,1
218.9,556.9,1
218.9,426.4,1
218.9,244.0,1
218.9,250.91,1
V25.2,574.2,1
V25.2,287.5,1
V25.2,535.1,1
V25.2,345.9,1
V25.2,253.4,1
V25.2,308.0,1
V25.2,272.0,1
V25.2,564.1,1
300.00,493.00,1
300.00,535.1,1
300.00,359.29,1
300.00,785.2,1
300.00,272.0,1
300.00,245.2,1
300.00,216.9,1
300.00,702.19,1
300.00,372.4,1
416.0,701.0,1
416.0,592.0,1
416.0,732.9,1
416.0,813.81,1
416.0,726.12,1
416.0,79.82,1
416.0,443.0,1
701.0,592.0,1
701.0,732.9,1
701.0,813.81,1
701.0,726.12,1
701.0,79.82,1
701.0,443.0,1
701.0,V68.1,1
701.0,586,1
701.0,366.9,1
701.0,788.0,1
701.0,721.9,2
701.0,722.2,1
701.0,473.9,1
701.0,571.8,1
701.0,553.21,1
701.0,721.0,1
701.0,781.0,1
592.0,732.9,1
592.0,813.81,1
592.0,726.12,1
592.0,79.82,1
592.0,443.0,1
592.0,585.3,1
592.0,411.1,1
592.0,98.85,1
592.0,V65.42,1
592.0,157.9,1
592.0,825.2,1
592.0,272.1,1
592.0,V15.1,1
592.0,357.4,1
592.0,780.57,1
592.0,440.9,1
592.0,346.9,1
592.0,723.1,1
592.0,493.00,1
592.0,536.8,1
592.0,729.2,1
592.0,722.2,1
592.0,308.0,1
592.0,726.1,1
592.0,372.3,1
592.0,541,1
592.0,591,1
592.0,278.02,1
592.0,367.1,1
732.9,813.81,1
732.9,726.12,1
732.9,79.82,1
732.9,443.0,1
813.81,726.12,1
813.81,79.82,1
813.81,443.0,1
813.81,706.1,1
726.12,79.82,1
726.12,443.0,1
726.12,715.36,1
726.12,436,1
726.12,721.0,1
726.12,427.31,1
726.12,586,1
726.12,366.9,1
726.12,585.1,1
726.12,791.0,1
726.12,426.4,1
726.12,275.4,1
726.12,702.0,1
726.12,437.9,1
79.82,443.0,1
79.82,436,1
79.82,250.91,1
79.82,242.2,1
79.82,571.8,1
79.82,696.1,1
79.82,365.00,1
79.82,541,1
79.82,715.35,1
79.82,216.9,1
79.82,706.1,1
79.82,788.0,1
79.82,715.36,1
79.82,345.9,1
79.82,41.86,1
79.82,733.42,1
79.82,455.6,1
79.82,564.1,1
79.82,371.03,1
79.82,300.14,1
79.82,377.39,1
79.82,729.1,1
79.82,V62.82,1
79.82,556.9,1
79.82,370.21,1
79.82,720.0,1
443.0,610.0,1
443.0,308.0,1
443.0,V45.51,1
443.0,V68.1,1
443.0,637.9,1
443.0,805.2,1
443.0,41.86,1
443.0,719.65,1
443.0,V14.0,1
443.0,V15.0,1
443.0,240.9,1
493.00,474.9,1
493.00,696.0,2
493.00,41.86,1
493.00,157.9,1
493.00,197.7,1
493.00,V15.0,1
493.00,518.89,1
493.00,698.3,1
493.00,272.1,1
493.00,727.04,1
493.00,733.9,1
493.00,723.1,1
493.00,536.8,1
493.00,729.2,1
493.00,722.2,1
493.00,308.0,1
493.00,726.1,1
493.00,372.3,1
493.00,466.0,1
493.00,474.12,1
493.00,276.2,1
493.00,250.91,1
493.00,251.2,1
493.00,708.5,1
737.3,648.83,1
737.3,625.3,1
737.3,715.34,2
737.3,715.35,1
737.3,733.00,1
737.3,574.1,1
737.3,753.1,1
737.3,842.13,1
737.3,709.01,1
737.3,696.1,1
737.3,593.2,1
737.3,737.8,1
737.3,577.2,1
737.3,642.41,1
648.83,367.1,1
648.83,994.1,1
648.83,362.83,1
648.83,789.2,1
648.83,367.2,1
648.83,641.13,1
648.83,377.39,1
648.83,722.2,1
648.83,695.3,1
648.83,454.9,1
648.83,530.81,1
648.83,727.3,1
648.83,696.1,1
648.83,790.4,1
648.83,571.8,1
648.83,611.72,1
648.83,626.6,1
648.83,726.9,1
648.83,272.0,1
648.83,553.3,1
648.83,690.1,1
648.83,455.0,1
648.83,685.1,1
648.83,788.0,1
648.83,179,1
278.00,555.9,1
278.00,250.6,1
278.00,250.9,1
278.00,410.9,2
278.00,575.0,1
278.00,272.0,1
278.00,454.9,1
278.00,193,1
278.00,242.91,1
278.00,610.1,1
278.00,791.0,1
278.00,465.8,1
278.00,414.9,1
278.00,V15.82,1
278.00,52.9,1
278.00,367.2,1
278.00,V15.01,1
278.00,V72.0,1
278.00,571.8,1
278.00,790.6,2
278.00,367.1,1
278.00,727.00,1
278.00,97.9,1
686.9,256.4,1
726.9,389.1,1
726.9,413.9,1
726.9,389.9,1
726.9,241.1,1
726.9,733.00,1
726.9,704.01,1
726.9,695.3,1
726.9,454.9,1
726.9,530.81,1
726.9,727.3,1
726.9,696.1,1
726.9,790.4,1
726.9,571.8,1
726.9,611.72,1
726.9,626.6,1
726.9,272.0,1
726.9,553.3,1
726.9,690.1,1
726.9,455.0,1
726.9,685.1,1
726.9,788.0,1
726.9,179,1
726.9,357.2,1
726.9,754.0,1
726.9,240.0,1
726.9,727.00,1
726.9,733.09,1
726.9,729.1,1
726.9,356.9,1
492.8,496,2
492.8,577.0,2
492.8,423.9,1
492.8,714.0,1
492.8,415.19,1
492.8,733.01,1
492.8,716.9,1
492.8,362.5,1
492.8,552.00,1
492.8,V42.0,1
496,577.0,1
496,250.73,1
496,459.9,1
496,433.3,1
496,715.36,1
496,428.9,1
496,719.55,1
496,727.51,1
496,403.9,1
496,250.9,1
496,423.9,1
496,714.0,1
496,415.19,1
496,733.01,1
496,716.9,1
496,362.5,1
496,227.3,1
496,721.0,1
496,997.99,1
577.0,724.3,1
577.0,571.8,2
577.0,790.6,1
577.0,571.3,1
577.0,451.9,1
577.0,401.1,1
577.0,786.5,1
577.0,250.81,1
577.0,369.00,1
577.0,410.9,1
577.0,682.5,1
577.0,552.00,1
577.0,250.6,1
577.0,282.4,1
577.0,413.9,1
577.0,537.9,1
577.0,443.9,1
577.0,311,1
V67.9,785.6,1
V67.9,435.9,1
V67.9,194.8,1
V67.9,251.2,1
V67.9,435.3,1
V67.9,627.3,1
785.6,435.9,1
785.6,194.8,1
785.6,251.2,1
785.6,435.3,1
785.6,627.3,1
785.6,519.8,1
785.6,791.0,1
435.9,194.8,1
435.9,251.2,1
435.9,435.3,1
435.9,627.3,1
435.9,242.9,1
435.9,920,1
435.9,228.00,1
194.8,251.2,1
194.8,435.3,1
194.8,627.3,1
251.2,435.3,1
251.2,627.3,1
251.2,382.9,1
251.2,715.89,1
251.2,682.0,1
251.2,282.4,1
251.2,389.9,2
251.2,721.9,1
251.2,250.6,1
251.2,476.0,1
251.2,478.6,1
251.2,281.0,1
251.2,733.00,1
251.2,805.8,1
251.2,362.53,1
251.2,52.9,1
251.2,780.39,1
251.2,276.2,1
251.2,250.91,1
251.2,75,1
251.2,831.00,1
251.2,V16.0,1
251.2,794.5,1
435.3,627.3,1
627.3,790.6,1
627.3,427.6,1
627.3,427.69,1
627.3,626.6,1
627.3,216.9,1
627.3,733.9,1
370.00,250.9,1
370.00,790.4,1
250.9,790.4,1
250.9,250.6,1
250.9,410.9,1
250.9,458.9,1
250.9,733.00,1
250.9,721.0,1
250.9,345.9,1
250.9,709.01,1
250.9,365.9,1
250.9,153.9,1
250.9,208.9,1
250.9,724.2,1
250.9,790.6,1
790.4,790.6,1
790.4,436,1
790.4,586,1
790.4,V15.82,1
790.4,782.4,1
790.4,695.3,1
790.4,454.9,1
790.4,530.81,1
790.4,727.3,1
790.4,696.1,1
790.4,571.8,1
790.4,611.72,1
790.4,626.6,1
790.4,272.0,1
790.4,553.3,1
790.4,690.1,1
790.4,455.0,1
790.4,685.1,1
790.4,788.0,1
790.4,179,1
625.3,758.0,1
625.3,244.3,1
625.3,367.1,1
625.3,360.21,1
625.3,564.00,1
389.9,V15.82,1
389.9,389.1,1
389.9,413.9,1
389.9,241.1,1
389.9,733.00,2
389.9,704.01,1
389.9,382.9,1
389.9,715.89,1
389.9,682.0,1
389.9,282.4,1
389.9,721.9,1
389.9,780.4,1
389.9,362.81,1
389.9,436,2
389.9,780.52,1
389.9,362.1,1
389.9,845.00,1
389.9,308.0,1
389.9,823.8,1
389.9,643.03,1
389.9,367.0,1
389.9,729.1,1
389.9,434.11,1
389.9,780.39,1
389.9,250.6,1
389.9,476.0,1
389.9,478.6,1
389.9,281.0,1
389.9,805.8,1
389.9,366.9,1
389.9,737.2,1
389.9,241.0,1
389.9,780.57,1
V15.82,790.6,1
V15.82,436,1
V15.82,586,1
V15.82,782.4,1
V15.82,454.9,1
V15.82,362.1,1
V15.82,727.03,1
V15.82,52.9,1
592.1,424.0,1
592.1,242.9,1
424.0,242.9,1
424.0,425.4,1
424.0,455.6,1
242.9,556.9,1
242.9,721.9,1
242.9,715.35,1
242.9,733.01,1
242.9,364.3,1
242.9,733.00,1
242.9,252.00,1
242.9,733.9,1
242.9,217,1
82.41,579.0,1
82.41,780.52,1
579.0,780.52,1
579.0,754.71,1
579.0,726.73,1
579.0,367.1,1
780.52,780.4,1
780.52,362.81,1
780.52,436,1
780.52,362.1,1
780.52,845.00,1
780.52,308.0,1
780.52,823.8,1
780.52,718.00,1
780.52,348.31,1
780.52,425.4,1
780.52,854.15,1
780.52,98.36,1
724.3,571.8,1
724.3,790.6,1
724.3,571.3,1
724.3,451.9,1
724.3,401.1,1
724.3,786.5,1
724.3,722.2,1
724.3,722.1,1
571.8,790.6,2
571.8,571.3,1
571.8,451.9,1
571.8,401.1,1
571.8,786.5,1
571.8,788.0,2
571.8,730.2,1
571.8,569.3,1
571.8,536.8,1
571.8,41.86,1
571.8,553.3,2
571.8,564.1,1
571.8,535.5,1
571.8,695.3,1
571.8,454.9,1
571.8,530.81,1
571.8,727.3,1
571.8,696.1,1
571.8,611.72,1
571.8,626.6,1
571.8,272.0,1
571.8,690.1,1
571.8,455.0,1
571.8,685.1,1
571.8,179,1
571.8,473.9,1
571.8,553.21,1
571.8,721.0,1
571.8,721.9,1
571.8,781.0,1
790.6,571.3,1
790.6,451.9,1
790.6,401.1,1
790.6,786.5,1
790.6,726.1,1
790.6,792.1,1
790.6,436,1
790.6,586,1
790.6,782.4,1
790.6,454.9,2
790.6,574.2,1
790.6,582.9,1
790.6,550.9,1
790.6,272.1,1
790.6,997.91,1
790.6,427.6,1
790.6,427.69,1
790.6,626.6,1
790.6,216.9,1
790.6,733.9,1
790.6,535.1,1
790.6,569.3,1
790.6,719.4,1
790.6,577.2,1
790.6,553.3,1
790.6,723.5,1
790.6,455.0,1
790.6,250.1,1
790.6,718.65,1
790.6,724.2,1
790.6,710.2,1
790.6,721.9,1
790.6,709.01,1
790.6,727.00,1
571.3,451.9,1
571.3,401.1,1
571.3,786.5,1
451.9,401.1,1
451.9,786.5,1
401.1,786.5,1
401.1,244.0,1
401.1,369.22,1
401.1,820.21,1
401.1,600.00,1
401.1,250.41,1
401.1,188.9,1
401.1,272.0,1
250.6,410.9,3
250.6,600.00,1
250.6,592.9,1
250.6,534.91,1
250.6,423.9,1
250.6,733.00,2
250.6,358.00,1
250.6,443.81,1
250.6,365.9,2
250.6,599.0,1
250.6,359.1,1
250.6,V68.9,1
250.6,426.4,1
250.6,427.2,1
250.6,715.36,2
250.6,574.2,1
250.6,577.9,1
250.6,375.15,1
250.6,463,1
250.6,726.32,1
250.6,723.1,1
250.6,715.94,1
250.6,729.2,1
250.6,338.29,1
250.6,258.1,1
250.6,564.1,1
250.6,715.35,1
250.6,733.9,1
250.6,729.1,1
250.6,722.0,1
250.6,70.51,1
250.6,571.9,1
250.6,720.1,1
250.6,476.0,1
250.6,478.6,1
250.6,281.0,1
250.6,805.8,1
250.6,611.1,1
250.6,V68.1,1
250.6,272.0,1
250.6,721.9,1
250.6,486,1
410.9,592.9,1
410.9,250.81,1
410.9,369.00,1
410.9,682.5,1
410.9,465.8,1
410.9,414.9,1
410.9,410.1,1
410.9,252.00,1
410.9,413.9,1
410.9,530.81,1
410.9,785.52,1
410.9,180.9,1
410.9,365.9,1
726.19,346.9,1
726.19,812.2,1
726.19,715.9,1
346.9,812.2,1
346.9,780.4,1
346.9,366.12,1
346.9,377.39,1
346.9,723.1,1
346.9,454.9,1
346.9,691.0,1
812.2,241.9,1
812.2,272.1,1
812.2,403.9,1
285.9,709.01,1
285.9,536.3,1
285.9,V45.51,1
285.9,361.81,1
285.9,696.1,1
285.9,285.29,1
285.9,369.7,1
285.9,362.02,1
285.9,553.3,1
285.9,375.15,1
285.9,366.41,1
285.9,374.05,1
285.9,724.2,1
285.9,460,1
285.9,V22.2,1
285.9,466.0,1
285.9,117.9,1
285.9,311,1
285.9,728.85,1
709.01,275.01,1
709.01,275.0,1
709.01,362.57,1
709.01,601.9,1
709.01,275.1,1
709.01,377.1,1
709.01,722.0,1
709.01,356.9,1
709.01,362.5,1
709.01,302.72,1
709.01,365.9,2
709.01,250.7,1
709.01,722.93,1
709.01,733.9,1
709.01,542,1
709.01,722.1,1
709.01,715.34,1
709.01,753.1,1
709.01,842.13,1
709.01,696.1,1
709.01,593.2,1
709.01,345.9,1
709.01,258.8,1
709.01,780.8,1
709.01,78.19,1
709.01,710.2,1
709.01,721.9,1
550.9,738.4,1
550.9,454.9,1
550.9,574.2,1
550.9,582.9,1
550.9,272.1,1
550.9,997.91,1
738.4,379.23,1
738.4,721.9,1
738.4,272.0,1
738.4,564.1,1
738.4,369.00,1
738.4,365.9,1
715.34,726.2,1
715.34,780.57,1
715.34,715.35,1
715.34,733.00,1
715.34,574.1,1
715.34,586,1
715.34,600.00,1
715.34,250.7,1
715.34,443.9,1
715.34,788.0,1
715.34,716.98,1
715.34,716.59,1
715.34,716.97,1
715.34,753.1,1
715.34,842.13,1
715.34,696.1,1
715.34,593.2,1
715.34,V62.82,1
715.34,213.9,1
726.2,780.57,1
780.57,411.1,1
780.57,98.85,1
780.57,V65.42,1
780.57,157.9,1
780.57,825.2,1
780.57,272.1,1
780.57,V15.1,2
780.57,357.4,1
780.57,440.9,1
780.57,413.9,1
780.57,414.9,1
780.57,790.5,1
780.57,378.54,1
780.57,530.81,1
780.57,471.9,1
780.57,272.0,1
780.57,366.9,1
780.57,737.2,1
780.57,241.0,1
556.9,281.9,1
556.9,714.2,1
556.9,710.2,1
556.9,714.3,1
556.9,715.36,1
556.9,345.9,1
556.9,41.86,1
556.9,733.42,1
556.9,455.6,1
556.9,564.1,1
556.9,371.03,1
556.9,300.14,1
556.9,377.39,1
556.9,729.1,1
556.9,V62.82,1
556.9,370.21,1
556.9,720.0,1
474.9,696.0,1
474.9,41.86,1
474.9,157.9,1
474.9,197.7,1
474.9,V15.0,1
474.9,518.89,1
696.0,41.86,1
696.0,157.9,1
696.0,197.7,1
696.0,V15.0,1
696.0,518.89,1
41.86,157.9,1
41.86,197.7,1
41.86,V15.0,1
41.86,518.89,1
41.86,564.1,3
41.86,696.1,1
41.86,730.2,1
41.86,569.3,1
41.86,536.8,1
41.86,553.3,1
41.86,535.5,1
41.86,V45.51,1
41.86,V68.1,1
41.86,637.9,1
41.86,805.2,1
41.86,719.65,1
41.86,253.1,1
41.86,V72.85,1
41.86,250.11,2
41.86,715.36,1
41.86,345.9,1
41.86,733.42,1
41.86,455.6,1
41.86,371.03,1
41.86,300.14,1
41.86,377.39,1
41.86,729.1,1
41.86,V62.82,1
41.86,370.21,1
41.86,720.0,1
157.9,197.7,1
157.9,V15.0,1
157.9,518.89,1
157.9,411.1,1
157.9,98.85,1
157.9,V65.42,1
157.9,825.2,1
157.9,272.1,1
157.9,V15.1,1
157.9,357.4,1
157.9,440.9,1
197.7,V15.0,1
197.7,518.89,1
V15.0,518.89,1
V15.0,249.91,1
V15.0,277.4,1
V15.0,847.0,1
V15.0,214.9,1
V15.0,364.3,1
V15.0,54.9,1
V15.0,805.8,1
V15.0,566,1
V15.0,V14.0,2
V15.0,240.9,1
V15.0,V43.64,1
726.1,792.1,1
726.1,721.0,1
726.1,715.35,1
726.1,188.9,1
726.1,245.2,1
726.1,217,1
726.1,723.1,1
726.1,536.8,1
726.1,729.2,1
726.1,722.2,1
726.1,308.0,1
726.1,372.3,1
428.9,239.4,1
428.9,356.9,1
428.9,715.36,1
428.9,719.55,1
428.9,727.51,1
428.9,403.9,1
428.9,412,1
428.9,715.9,1
428.9,V43.3,1
239.4,356.9,1
356.9,275.01,1
356.9,275.0,1
356.9,362.57,1
356.9,601.9,1
356.9,275.1,1
356.9,377.1,1
356.9,722.0,1
356.9,362.5,1
356.9,357.2,1
356.9,754.0,1
356.9,240.0,1
356.9,727.00,1
356.9,733.09,1
356.9,729.1,1
600.00,244.0,1
600.00,369.22,1
600.00,820.21,1
600.00,250.41,1
600.00,586,1
600.00,250.7,1
600.00,443.9,1
600.00,788.0,1
600.00,716.98,1
600.00,716.59,1
600.00,716.97,1
553.3,535.1,2
553.3,536.8,2
553.3,309.9,1
553.3,695.1,1
553.3,436,1
553.3,411.1,1
553.3,V42.4,1
553.3,454.9,2
553.3,569.3,2
553.3,719.4,1
553.3,577.2,1
553.3,723.5,1
553.3,455.0,2
553.3,536.3,1
553.3,V45.51,1
553.3,361.81,1
553.3,696.1,2
553.3,285.29,1
553.3,369.7,1
553.3,362.02,1
553.3,375.15,1
553.3,366.41,1
553.3,374.05,1
553.3,730.2,1
553.3,564.1,1
553.3,535.5,1
553.3,695.3,1
553.3,530.81,1
553.3,727.3,1
553.3,611.72,1
553.3,626.6,1
553.3,272.0,1
553.3,690.1,1
553.3,685.1,1
553.3,788.0,1
553.3,179,1
535.1,454.9,1
535.1,569.3,1
535.1,719.4,1
535.1,577.2,1
535.1,723.5,1
535.1,455.0,1
535.1,574.2,1
535.1,287.5,1
535.1,345.9,1
535.1,253.4,1
535.1,308.0,1
535.1,272.0,1
535.1,564.1,1
535.1,359.29,1
535.1,785.2,1
250.73,459.9,1
250.73,433.3,1
459.9,433.3,1
459.9,531.3,1
459.9,530.81,1
459.9,440.21,1
459.9,355.9,1
459.9,530.2,1
459.9,250.7,1
459.9,532.3,1
459.9,703.8,1
459.9,438.0,1
715.36,719.55,1
715.36,727.51,1
715.36,403.9,1
715.36,574.2,1
715.36,577.9,1
715.36,375.15,1
715.36,463,1
715.36,726.32,1
715.36,365.9,1
715.36,436,1
715.36,721.0,1
715.36,427.31,1
715.36,586,2
715.36,366.9,1
715.36,585.1,1
715.36,791.0,1
715.36,426.4,1
715.36,275.4,1
715.36,702.0,1
715.36,437.9,1
715.36,251.0,1
715.36,780.4,1
715.36,402.00,1
715.36,721.9,1
715.36,715.9,2
715.36,733.00,1
715.36,311,1
715.36,814.00,1
715.36,723.1,1
715.36,715.94,1
715.36,729.2,1
715.36,338.29,1
715.36,258.1,1
715.36,564.1,2
715.36,715.35,1
715.36,733.9,1
715.36,729.1,2
715.36,722.0,1
715.36,368.2,1
715.36,478.0,1
715.36,211.3,1
715.36,272.0,1
715.36,690.1,1
715.36,345.9,1
715.36,733.42,1
715.36,455.6,1
715.36,371.03,1
715.36,300.14,1
715.36,377.39,1
715.36,V62.82,1
715.36,370.21,1
715.36,720.0,1
719.55,727.51,1
719.55,403.9,1
727.51,403.9,1
403.9,272.1,1
162.9,366.9,1
162.9,272.0,1
162.9,447.9,1
162.9,574.31,1
162.9,733.00,1
162.9,199.1,1
162.9,574.01,1
162.9,813.41,1
162.9,275.0,1
366.9,272.0,1
366.9,447.9,1
366.9,574.31,1
366.9,733.00,1
366.9,199.1,1
366.9,574.01,1
366.9,813.41,1
366.9,275.0,1
366.9,V68.1,1
366.9,586,2
366.9,724.2,1
366.9,V42.0,1
366.9,365.9,1
366.9,217,1
366.9,436,1
366.9,721.0,1
366.9,427.31,1
366.9,585.1,1
366.9,791.0,1
366.9,426.4,1
366.9,275.4,1
366.9,702.0,1
366.9,437.9,1
366.9,365.11,1
366.9,737.2,1
366.9,241.0,1
272.0,447.9,1
272.0,574.31,1
272.0,733.00,3
272.0,199.1,1
272.0,574.01,1
272.0,813.41,1
272.0,275.0,1
272.0,696.1,2
272.0,401.0,1
272.0,722.1,1
272.0,575.0,1
272.0,345.11,1
272.0,365.1,1
272.0,694.5,1
272.0,38.9,1
272.0,188.9,1
272.0,379.23,1
272.0,721.9,1
272.0,564.1,2
272.0,369.00,1
272.0,365.9,1
272.0,791.0,1
272.0,574.2,1
272.0,287.5,1
272.0,345.9,2
272.0,253.4,1
272.0,308.0,1
272.0,174.9,1
272.0,445.02,1
272.0,327.24,1
272.0,179,2
272.0,368.2,1
272.0,478.0,1
272.0,211.3,1
272.0,690.1,2
272.0,530.81,2
272.0,471.9,1
272.0,611.1,1
272.0,V68.1,1
272.0,695.3,1
272.0,454.9,1
272.0,727.3,1
272.0,611.72,1
272.0,626.6,1
272.0,455.0,1
272.0,685.1,1
272.0,788.0,1
272.0,425.4,1
272.0,715.09,1
272.0,V70.5,1
272.0,384.2,1
272.0,742.9,1
272.0,758.6,1
272.0,54.1,1
447.9,574.31,1
447.9,733.00,1
447.9,199.1,1
447.9,574.01,1
447.9,813.41,1
447.9,275.0,1
574.31,733.00,1
574.31,199.1,1
574.31,574.01,1
574.31,813.41,1
574.31,275.0,1
733.00,199.1,1
733.00,574.01,1
733.00,813.41,1
733.00,275.0,1
733.00,715.35,2
733.00,574.1,1
733.00,389.1,1
733.00,413.9,1
733.00,241.1,1
733.00,704.01,1
733.00,722.2,1
733.00,458.9,1
733.00,721.0,1
733.00,534.91,1
733.00,423.9,1
733.00,358.00,1
733.00,443.81,1
733.00,365.9,1
733.00,401.0,1
733.00,722.1,1
733.00,714.0,1
733.00,715.9,2
733.00,436,1
733.00,829.0,1
733.00,411.89,1
733.00,780.4,1
733.00,402.00,1
733.00,586,1
733.00,721.9,2
733.00,311,1
733.00,814.00,1
733.00,174.9,1
733.00,445.02,1
733.00,327.24,1
733.00,179,1
733.00,733.01,1
733.00,364.3,1
733.00,252.00,1
733.00,733.9,1
733.00,476.0,1
733.00,478.6,1
733.00,281.0,1
733.00,805.8,1
199.1,574.01,1
199.1,813.41,1
199.1,275.0,1
574.01,813.41,1
574.01,275.0,1
813.41,275.0,1
275.0,275.01,1
275.0,362.57,1
275.0,601.9,1
275.0,275.1,1
275.0,377.1,1
275.0,722.0,1
275.0,362.5,1
V68.1,586,1
V68.1,721.9,1
V68.1,V45.51,1
V68.1,637.9,1
V68.1,805.2,1
V68.1,719.65,1
V68.1,611.1,1
586,250.7,1
586,443.9,1
586,788.0,1
586,716.98,1
586,716.59,1
586,716.97,1
586,211.3,1
586,436,3
586,782.4,1
586,721.0,1
586,427.31,1
586,585.1,1
586,791.0,1
586,426.4,1
586,275.4,1
586,702.0,1
586,437.9,1
586,780.4,1
586,402.00,1
586,721.9,1
586,715.9,1
586,311,1
586,814.00,1
586,719.4,1
586,355.9,1
531.3,530.81,1
531.3,440.21,1
531.3,355.9,1
531.3,530.2,1
531.3,250.7,1
531.3,532.3,1
531.3,703.8,1
531.3,438.0,1
530.81,440.21,1
530.81,355.9,1
530.81,530.2,1
530.81,250.7,1
530.81,532.3,1
530.81,703.8,1
530.81,438.0,1
530.81,162.3,1
530.81,V45.51,1
530.81,440.8,1
530.81,471.9,1
530.81,695.3,1
530.81,454.9,1
530.81,727.3,1
530.81,696.1,1
530.81,611.72,1
530.81,626.6,1
530.81,690.1,1
530.81,455.0,1
530.81,685.1,1
530.81,788.0,1
530.81,179,1
530.81,460,1
530.81,375.15,1
530.81,V25.43,1
530.81,785.52,1
530.81,180.9,1
530.81,365.9,1
530.81,367.1,1
530.81,706.1,1
440.21,355.9,1
440.21,530.2,1
440.21,250.7,1
440.21,532.3,1
440.21,703.8,1
440.21,438.0,1
355.9,530.2,1
355.9,250.7,1
355.9,532.3,1
355.9,703.8,1
355.9,438.0,1
355.9,436,1
355.9,719.4,1
530.2,250.7,1
530.2,532.3,1
530.2,703.8,1
530.2,438.0,1
250.7,532.3,1
250.7,703.8,1
250.7,438.0,1
250.7,443.9,1
250.7,788.0,1
250.7,716.98,1
250.7,716.59,1
250.7,716.97,1
250.7,722.93,1
250.7,733.9,1
250.7,542,1
250.7,722.1,1
532.3,703.8,1
532.3,438.0,1
703.8,438.0,1
244.0,369.22,1
244.0,820.21,1
244.0,250.41,1
244.0,724.02,1
244.0,250.91,1
369.22,820.21,1
369.22,250.41,1
820.21,250.41,1
715.35,574.1,1
715.35,721.0,1
715.35,188.9,1
715.35,723.1,1
715.35,715.94,1
715.35,729.2,1
715.35,338.29,1
715.35,258.1,1
715.35,564.1,1
715.35,733.9,2
715.35,729.1,1
715.35,722.0,1
715.35,541,1
715.35,721.9,1
715.35,733.01,1
715.35,364.3,1
715.35,252.00,1
275.01,362.57,1
275.01,601.9,1
275.01,275.1,1
275.01,377.1,1
275.01,722.0,1
275.01,362.5,1
362.57,601.9,1
362.57,275.1,1
362.57,377.1,1
362.57,722.0,1
362.57,362.5,1
601.9,275.1,1
601.9,377.1,1
601.9,722.0,1
601.9,362.5,1
275.1,377.1,1
275.1,722.0,1
275.1,362.5,1
377.1,722.0,1
377.1,362.5,1
722.0,362.5,1
722.0,723.1,1
722.0,715.94,1
722.0,729.2,1
722.0,338.29,1
722.0,258.1,1
722.0,564.1,1
722.0,733.9,1
722.0,729.1,1
362.5,423.9,1
362.5,714.0,1
362.5,415.19,1
362.5,733.01,1
362.5,716.9,1
389.1,413.9,1
389.1,241.1,1
389.1,704.01,1
413.9,241.1,1
413.9,704.01,1
413.9,414.9,1
413.9,V15.1,1
413.9,410.1,1
413.9,252.00,1
413.9,282.4,1
413.9,537.9,1
413.9,443.9,1
413.9,311,1
241.1,704.01,1
241.1,593.89,1
241.1,189.0,1
241.1,708.9,1
241.1,427.31,1
241.1,239.5,1
241.1,686.1,1
241.1,470,1
704.01,245.0,1
704.01,255.4,1
704.01,255.0,1
536.8,309.9,1
536.8,695.1,1
536.8,730.2,1
536.8,569.3,1
536.8,564.1,1
536.8,535.5,1
536.8,723.1,1
536.8,729.2,1
536.8,722.2,1
536.8,308.0,1
536.8,372.3,1
309.9,695.1,1
726.32,574.2,1
726.32,577.9,1
726.32,375.15,1
726.32,463,1
726.32,365.9,1
696.1,564.1,1
696.1,402.01,1
696.1,753.1,2
696.1,729.4,1
696.1,627.2,1
696.1,782.3,1
696.1,842.13,1
696.1,593.2,1
696.1,365.00,1
696.1,250.53,1
696.1,536.3,1
696.1,V45.51,1
696.1,361.81,1
696.1,285.29,1
696.1,369.7,1
696.1,362.02,1
696.1,375.15,1
696.1,366.41,1
696.1,374.05,1
696.1,695.3,1
696.1,454.9,1
696.1,727.3,1
696.1,611.72,1
696.1,626.6,1
696.1,690.1,1
696.1,455.0,1
696.1,685.1,1
696.1,788.0,1
696.1,179,1
722.2,825.25,1
722.2,300.9,1
722.2,340,1
722.2,721.0,1
722.2,272.1,1
722.2,715.9,1
722.2,788.0,1
722.2,721.9,1
722.2,722.1,1
722.2,641.13,1
722.2,377.39,1
722.2,723.1,1
722.2,729.2,1
722.2,308.0,1
722.2,372.3,1
458.9,721.0,1
721.0,227.3,1
721.0,188.9,1
721.0,436,1
721.0,427.31,1
721.0,585.1,1
721.0,791.0,1
721.0,426.4,1
721.0,275.4,1
721.0,702.0,1
721.0,437.9,1
721.0,340,1
721.0,272.1,1
721.0,715.9,1
721.0,473.9,1
721.0,553.21,1
721.0,721.9,1
721.0,781.0,1
382.9,715.89,1
382.9,682.0,1
382.9,282.4,1
382.9,721.9,1
382.9,250.91,1
382.9,288.3,1
382.9,493.91,1
715.89,682.0,1
715.89,282.4,1
715.89,721.9,1
682.0,282.4,1
682.0,721.9,1
282.4,721.9,1
282.4,537.9,1
282.4,443.9,1
282.4,311,1
721.9,637.9,1
721.9,379.23,1
721.9,564.1,1
721.9,369.00,1
721.9,365.9,1
721.9,788.0,1
721.9,780.4,1
721.9,402.00,1
721.9,715.9,1
721.9,311,1
721.9,814.00,1
721.9,733.01,1
721.9,364.3,1
721.9,252.00,1
721.9,733.9,1
721.9,710.2,1
721.9,486,1
721.9,473.9,1
721.9,553.21,1
721.9,781.0,1
443.9,788.0,1
443.9,716.98,1
443.9,716.59,1
443.9,716.97,1
443.9,537.9,1
443.9,311,1
788.0,716.98,1
788.0,716.59,1
788.0,716.97,1
788.0,724.2,1
788.0,695.3,1
788.0,454.9,1
788.0,727.3,1
788.0,611.72,1
788.0,626.6,1
788.0,690.1,1
788.0,455.0,1
788.0,685.1,1
788.0,179,1
716.98,716.59,1
716.98,716.97,1
716.59,716.97,1
715.9,714.0,1
715.9,340,1
715.9,272.1,1
715.9,780.4,1
715.9,402.00,1
715.9,311,1
715.9,814.00,1
715.9,V43.3,1
564.1,379.23,1
564.1,369.00,1
564.1,365.9,1
564.1,574.2,1
564.1,287.5,1
564.1,345.9,2
564.1,253.4,1
564.1,308.0,1
564.1,723.1,1
564.1,715.94,1
564.1,729.2,1
564.1,338.29,1
564.1,258.1,1
564.1,733.9,1
564.1,729.1,2
564.1,730.2,1
564.1,569.3,1
564.1,535.5,1
564.1,733.42,1
564.1,455.6,1
564.1,371.03,1
564.1,300.14,1
564.1,377.39,1
564.1,V62.82,1
564.1,370.21,1
564.1,720.0,1
780.4,362.81,1
780.4,436,1
780.4,362.1,1
780.4,845.00,1
780.4,308.0,1
780.4,823.8,1
780.4,402.00,1
780.4,311,1
780.4,814.00,1
780.4,331.9,1
780.4,38.3,1
780.4,596.54,1
780.4,781.3,1
362.81,436,1
362.81,362.1,1
362.81,845.00,1
362.81,308.0,1
362.81,823.8,1
436,362.1,1
436,845.00,1
436,308.0,1
436,823.8,1
436,250.91,1
436,242.2,1
436,411.1,1
436,V42.4,1
436,782.4,1
436,427.31,1
436,585.1,1
436,791.0,1
436,426.4,1
436,275.4,1
436,702.0,1
436,437.9,1
436,829.0,1
436,411.89,1
436,719.4,1
436,434.11,1
436,780.39,1
436,425.4,1
362.1,845.00,1
362.1,308.0,1
362.1,823.8,1
362.1,727.03,1
845.00,308.0,1
845.00,823.8,1
845.00,V68.9,1
308.0,823.8,1
308.0,574.2,1
308.0,287.5,1
308.0,345.9,1
308.0,253.4,1
308.0,610.0,1
308.0,723.1,1
308.0,729.2,1
308.0,372.3,1
823.8,11.9,1
823.8,571.2,1
823.8,V42.7,1
823.8,155.0,1
823.8,717.5,1
823.8,572.3,1
211.3,423.2,1
211.3,112.9,1
211.3,394.0,1
211.3,427.32,1
211.3,535.5,1
211.3,717.5,1
211.3,V16.0,1
211.3,368.2,1
211.3,478.0,1
211.3,690.1,1
423.9,714.0,1
423.9,415.19,2
423.9,733.01,1
423.9,716.9,1
423.9,534.91,1
423.9,358.00,1
423.9,443.81,1
423.9,365.9,1
423.9,486,1
423.9,11.9,1
423.9,716.95,1
423.9,38.9,1
423.9,716.91,1
714.0,415.19,1
714.0,733.01,1
714.0,716.9,1
714.0,362.29,1
714.0,471.9,1
714.0,716.94,1
714.0,733.9,1
714.0,578.9,1
415.19,733.01,1
415.19,716.9,1
415.19,11.9,1
415.19,716.95,1
415.19,38.9,1
415.19,716.91,1
733.01,716.9,1
733.01,364.3,1
733.01,252.00,1
733.01,733.9,1
364.3,252.00,1
364.3,733.9,1
364.3,847.0,1
364.3,214.9,1
364.3,54.9,1
364.3,805.8,1
364.3,566,1
534.91,358.00,1
534.91,443.81,1
534.91,365.9,1
358.00,443.81,1
358.00,365.9,1
443.81,365.9,1
365.9,217,1
365.9,345.9,1
365.9,574.2,1
365.9,577.9,1
365.9,375.15,1
365.9,463,1
365.9,379.23,1
365.9,369.00,1
365.9,785.52,1
365.9,180.9,1
698.3,272.1,1
272.1,411.1,1
272.1,98.85,1
272.1,V65.42,1
272.1,825.2,1
272.1,V15.1,1
272.1,357.4,1
272.1,440.9,1
272.1,454.9,1
272.1,574.2,1
272.1,582.9,1
272.1,997.91,1
272.1,340,1
821.00,720.0,1
720.0,345.9,1
720.0,733.42,1
720.0,455.6,1
720.0,371.03,1
720.0,300.14,1
720.0,377.39,1
720.0,729.1,1
720.0,V62.82,1
720.0,370.21,1
726.0,183.0,1
726.0,179,1
183.0,179,1
179,174.9,1
179,445.02,1
179,327.24,1
179,695.3,1
179,454.9,1
179,727.3,1
179,611.72,1
179,626.6,1
179,690.1,1
179,455.0,1
179,685.1,1
724.2,V42.0,1
724.2,357.0,1
724.2,255.4,1
724.2,460,1
724.2,V22.2,1
724.2,466.0,1
724.2,117.9,1
724.2,311,1
724.2,728.85,1
362.29,471.9,1
362.29,716.94,1
471.9,716.94,1
411.1,98.85,1
411.1,V65.42,1
411.1,825.2,1
411.1,V15.1,1
411.1,357.4,1
411.1,440.9,1
411.1,V42.4,1
98.85,V65.42,1
98.85,825.2,1
98.85,V15.1,1
98.85,357.4,1
98.85,440.9,1
V65.42,825.2,1
V65.42,V15.1,1
V65.42,357.4,1
V65.42,440.9,1
825.2,V15.1,1
825.2,357.4,1
825.2,440.9,1
V15.1,357.4,1
V15.1,440.9,1
V15.1,414.9,1
357.4,440.9,1
227.3,737.8,1
227.3,252.00,1
414.9,465.8,1
637.9,V45.51,1
637.9,805.2,1
637.9,719.65,1
250.91,242.2,1
250.91,V43.1,1
250.91,727.03,1
250.91,627.2,1
250.91,288.3,1
250.91,276.2,1
242.2,311,1
242.2,611.72,1
401.0,722.1,1
722.1,722.93,1
722.1,733.9,1
722.1,542,1
825.25,300.9,1
722.93,733.9,1
722.93,542,1
733.9,542,1
733.9,427.6,1
733.9,427.69,1
733.9,626.6,1
733.9,216.9,1
733.9,723.1,1
733.9,715.94,1
733.9,729.2,1
733.9,338.29,1
733.9,258.1,1
733.9,729.1,1
733.9,727.04,1
733.9,245.2,1
733.9,252.1,1
733.9,252.00,1
733.9,277.4,1
733.9,427.89,1
733.9,782.0,1
574.2,454.9,1
574.2,582.9,1
574.2,997.91,1
574.2,577.9,1
574.2,375.15,1
574.2,463,1
574.2,287.5,1
574.2,345.9,1
574.2,253.4,1
188.9,788.41,1
250.81,369.00,1
250.81,682.5,1
369.00,682.5,1
369.00,379.23,1
599.0,359.1,1
599.0,V68.9,1
599.0,426.4,1
599.0,427.2,1
599.0,380.4,1
599.0,447.6,1
599.0,53.9,1
599.0,616.1,1
359.1,V68.9,1
359.1,426.4,1
359.1,427.2,1
V68.9,426.4,1
V68.9,427.2,1
426.4,427.2,1
426.4,427.31,1
426.4,585.1,1
426.4,791.0,1
426.4,275.4,1
426.4,702.0,1
426.4,437.9,1
805.4,736.42,1
805.4,718.86,1
805.4,815.00,1
805.4,717.5,1
736.42,718.86,1
736.42,815.00,1
736.42,717.5,1
718.86,815.00,1
718.86,717.5,1
815.00,717.5,1
717.5,717.7,1
717.5,V16.0,1
717.5,11.9,1
717.5,571.2,1
717.5,V42.7,1
717.5,155.0,1
717.5,572.3,1
454.9,582.9,1
454.9,997.91,1
454.9,569.3,1
454.9,719.4,1
454.9,577.2,1
454.9,723.5,1
454.9,455.0,2
454.9,193,1
454.9,242.91,1
454.9,610.1,1
454.9,695.3,1
454.9,727.3,1
454.9,611.72,1
454.9,626.6,1
454.9,690.1,1
454.9,685.1,1
582.9,997.91,1
V43.1,727.03,1
V43.1,627.2,1
727.03,627.2,1
627.2,402.01,1
627.2,753.1,1
627.2,729.4,1
627.2,782.3,1
367.21,726.73,1
402.01,753.1,1
402.01,729.4,1
402.01,782.3,1
753.1,729.4,1
753.1,782.3,1
753.1,842.13,1
753.1,593.2,1
729.4,782.3,1
217,245.2,1
427.6,427.69,1
427.6,626.6,1
427.6,216.9,1
427.69,626.6,1
427.69,216.9,1
626.6,216.9,1
626.6,695.3,1
626.6,727.3,1
626.6,611.72,1
626.6,690.1,1
626.6,455.0,1
626.6,685.1,1
216.9,706.1,1
216.9,245.2,2
216.9,685.1,1
216.9,702.19,1
216.9,372.4,1
842.13,593.2,1
569.3,719.4,1
569.3,577.2,1
569.3,723.5,1
569.3,455.0,1
569.3,730.2,1
569.3,535.5,1
719.4,577.2,1
719.4,723.5,1
719.4,455.0,1
577.2,723.5,1
577.2,455.0,1
577.2,737.8,1
723.5,455.0,1
455.0,695.3,1
455.0,727.3,1
455.0,611.72,1
455.0,690.1,1
455.0,685.1,1
345.9,287.5,1
345.9,253.4,1
345.9,379.23,1
345.9,244.3,1
345.9,460,1
345.9,463,1
345.9,384.2,1
345.9,742.9,1
345.9,758.6,1
345.9,54.1,1
345.9,733.42,1
345.9,455.6,1
345.9,371.03,1
345.9,300.14,1
345.9,377.39,1
345.9,729.1,1
345.9,V62.82,1
345.9,370.21,1
577.9,375.15,1
577.9,463,1
375.15,463,1
375.15,536.3,1
375.15,V45.51,1
375.15,361.81,1
375.15,285.29,1
375.15,369.7,1
375.15,362.02,1
375.15,366.41,1
375.15,374.05,1
375.15,460,1
375.15,V25.43,1
463,460,1
345.11,365.1,1
345.11,694.5,1
345.11,38.9,1
365.1,694.5,1
365.1,38.9,1
694.5,38.9,1
694.5,211.1,1
694.5,571.0,1
694.5,287.5,1
694.5,571.2,1
694.5,576.8,1
694.5,694.4,1
694.5,155.0,1
694.5,573.8,1
694.5,571.5,1
38.9,11.9,1
38.9,716.95,1
38.9,716.91,1
11.9,571.2,1
11.9,V42.7,1
11.9,155.0,1
11.9,572.3,1
11.9,716.95,1
11.9,716.91,1
379.23,244.3,1
379.23,814.00,1
379.23,V45.6,1
379.23,361.9,1
211.1,571.0,1
211.1,287.5,1
211.1,571.2,1
211.1,576.8,1
211.1,694.4,1
211.1,155.0,1
211.1,573.8,1
211.1,571.5,1
571.0,287.5,1
571.0,571.2,1
571.0,576.8,1
571.0,694.4,1
571.0,155.0,1
571.0,573.8,1
571.0,571.5,1
287.5,571.2,1
287.5,576.8,1
287.5,694.4,1
287.5,155.0,1
287.5,573.8,1
287.5,571.5,1
287.5,253.4,1
571.2,576.8,1
571.2,694.4,1
571.2,155.0,2
571.2,573.8,1
571.2,571.5,1
571.2,V42.7,1
571.2,572.3,1
576.8,694.4,1
576.8,155.0,1
576.8,573.8,1
576.8,571.5,1
694.4,155.0,1
694.4,573.8,1
694.4,571.5,1
155.0,573.8,1
155.0,571.5,1
155.0,V42.7,1
155.0,572.3,1
573.8,571.5,1
427.31,585.1,1
427.31,791.0,1
427.31,275.4,1
427.31,702.0,1
427.31,437.9,1
427.31,593.89,1
427.31,189.0,1
427.31,708.9,1
427.31,239.5,1
427.31,686.1,1
427.31,470,1
585.1,791.0,1
585.1,275.4,1
585.1,702.0,1
585.1,437.9,1
791.0,275.4,1
791.0,702.0,1
791.0,437.9,1
791.0,127.4,1
791.0,519.8,1
275.4,702.0,1
275.4,437.9,1
702.0,437.9,1
714.2,710.2,1
714.2,714.3,1
710.2,714.3,1
425.4,455.6,1
425.4,718.00,1
425.4,348.31,1
425.4,854.15,1
425.4,98.36,1
425.4,V25.9,1
455.6,733.42,1
455.6,371.03,1
455.6,300.14,1
455.6,377.39,1
455.6,729.1,1
455.6,V62.82,1
455.6,370.21,1
536.3,V45.51,1
536.3,361.81,1
536.3,285.29,1
536.3,369.7,1
536.3,362.02,1
536.3,366.41,1
536.3,374.05,1
V45.51,361.81,1
V45.51,285.29,1
V45.51,369.7,1
V45.51,362.02,1
V45.51,366.41,1
V45.51,374.05,1
V45.51,162.3,1
V45.51,440.8,1
V45.51,715.96,1
V45.51,805.2,1
V45.51,719.65,1
361.81,285.29,1
361.81,369.7,1
361.81,362.02,1
361.81,366.41,1
361.81,374.05,1
285.29,369.7,1
285.29,362.02,1
285.29,366.41,1
285.29,374.05,1
369.7,362.02,1
369.7,366.41,1
369.7,374.05,1
362.02,366.41,1
362.02,374.05,1
366.41,374.05,1
423.2,112.9,1
423.2,394.0,1
423.2,427.32,1
423.2,535.5,1
112.9,394.0,1
112.9,427.32,1
112.9,535.5,1
394.0,427.32,1
394.0,535.5,1
427.32,535.5,1
535.5,730.2,1
245.0,255.4,1
255.4,357.0,1
829.0,411.89,1
829.0,807.09,1
829.0,350.1,1
829.0,V45.6,1
162.3,440.8,1
367.1,994.1,1
367.1,362.83,1
367.1,789.2,1
367.1,367.2,1
367.1,758.0,1
367.1,244.3,1
367.1,360.21,1
367.1,564.00,1
367.1,V68.2,1
367.1,541,1
367.1,591,1
367.1,278.02,1
994.1,362.83,1
994.1,789.2,1
994.1,367.2,1
362.83,789.2,1
362.83,367.2,1
362.83,723.1,1
789.2,367.2,1
643.03,367.0,1
643.03,729.1,1
367.0,729.1,1
729.1,723.1,1
729.1,715.94,1
729.1,729.2,1
729.1,338.29,1
729.1,258.1,1
729.1,733.42,1
729.1,371.03,1
729.1,300.14,1
729.1,377.39,1
729.1,V62.82,1
729.1,370.21,1
729.1,357.2,1
729.1,754.0,1
729.1,240.0,1
729.1,727.00,1
729.1,733.09,1
153.9,208.9,1
311,402.00,1
311,814.00,1
311,460,1
311,V22.2,1
311,466.0,1
311,117.9,1
311,728.85,1
311,537.9,1
758.0,244.3,1
758.0,360.21,1
758.0,564.00,1
244.3,360.21,1
244.3,564.00,1
360.21,564.00,1
360.21,455.3,1
564.00,466.0,1
384.2,742.9,1
384.2,758.6,1
384.2,54.1,1
359.29,785.2,1
785.2,380.4,1
785.2,695.3,1
785.2,485,1
402.00,814.00,1
814.00,V45.6,1
814.00,361.9,1
366.2,362.07,1
790.5,378.54,1
723.1,715.94,1
723.1,729.2,2
723.1,338.29,1
723.1,258.1,1
723.1,377.39,1
723.1,372.3,1
715.94,729.2,1
715.94,338.29,1
715.94,258.1,1
729.2,338.29,1
729.2,258.1,1
729.2,372.3,1
338.29,258.1,1
250.1,718.65,1
748.3,493.91,1
540.0,567.9,1
685.1,278.02,1
685.1,465.8,1
685.1,695.3,1
685.1,727.3,1
685.1,611.72,1
685.1,690.1,1
685.1,245.2,1
460,V22.2,1
460,466.0,1
460,117.9,1
460,728.85,1
460,V25.43,1
460,995.3,1
460,690.1,1
460,736.79,1
V22.2,466.0,1
V22.2,117.9,1
V22.2,728.85,1
466.0,117.9,1
466.0,728.85,1
466.0,474.12,1
117.9,728.85,1
590.1,690.1,1
590.1,696.5,1
690.1,696.5,1
690.1,368.2,1
690.1,478.0,1
690.1,695.3,1
690.1,727.3,1
690.1,611.72,1
690.1,995.3,1
690.1,736.79,1
V45.6,361.9,1
V45.6,350.1,1
541,591,1
541,278.02,1
377.39,641.13,1
377.39,733.42,1
377.39,371.03,1
377.39,300.14,1
377.39,V62.82,1
377.39,370.21,1
735.0,736.73,1
737.8,252.00,1
737.8,722.73,1
737.8,172.9,1
434.11,780.39,1
780.39,362.53,1
780.39,52.9,1
380.4,695.3,1
380.4,447.6,1
380.4,53.9,1
380.4,616.1,1
695.3,727.3,1
695.3,611.72,1
727.04,397.0,1
727.04,337.2,1
727.04,427.89,1
727.04,427.61,1
193,242.91,1
193,610.1,1
242.91,610.1,1
260,756.16,1
260,259.1,1
756.16,259.1,1
V16.0,75,1
V16.0,831.00,1
V16.0,794.5,1
250.11,253.1,1
250.11,V72.85,1
249.91,277.4,1
474.00,816.00,1
474.00,812.41,1
474.00,381.19,1
816.00,812.41,1
816.00,381.19,1
812.41,381.19,1
245.2,252.1,1
245.2,702.19,1
245.2,372.4,1
278.02,465.8,1
278.02,591,1
790.7,584.9,1
790.7,785.52,1
790.7,285.8,1
790.7,480.3,1
584.9,785.52,1
584.9,285.8,1
584.9,480.3,1
785.52,285.8,1
785.52,480.3,1
785.52,180.9,1
285.8,480.3,1
174.9,445.02,1
174.9,327.24,1
445.02,327.24,1
368.2,478.0,1
616.1,447.6,1
616.1,53.9,1
616.1,V72.32,1
70.51,571.9,1
70.51,720.1,1
571.9,720.1,1
410.1,252.00,1
593.89,189.0,1
593.89,708.9,1
593.89,239.5,1
593.89,686.1,1
593.89,470,1
189.0,708.9,1
189.0,239.5,1
189.0,686.1,1
189.0,470,1
708.9,239.5,1
708.9,686.1,1
708.9,470,1
239.5,686.1,1
239.5,470,1
686.1,470,1
476.0,478.6,1
476.0,281.0,1
476.0,805.8,1
478.6,281.0,1
478.6,805.8,1
281.0,805.8,1
805.8,847.0,1
805.8,214.9,1
805.8,54.9,1
805.8,566,1
V42.7,572.3,1
805.2,719.65,1
253.1,V72.85,1
331.9,38.3,1
331.9,596.54,1
331.9,781.3,1
38.3,596.54,1
38.3,781.3,1
596.54,781.3,1
710.0,741.9,1
52.9,362.53,1
272.8,852.4,1
727.3,611.72,1
75,831.00,1
75,794.5,1
718.00,348.31,1
718.00,854.15,1
718.00,98.36,1
348.31,854.15,1
348.31,98.36,1
854.15,98.36,1
427.89,782.0,1
427.89,397.0,1
427.89,337.2,1
427.89,427.61,1
722.73,172.9,1
53.9,447.6,1
737.2,241.0,1
727.06,530.1,1
715.09,V70.5,1
249.01,052.0,1
323.61,250.13,1
847.0,214.9,1
847.0,54.9,1
847.0,566,1
214.9,54.9,1
214.9,566,1
54.9,566,1
V62.82,213.9,1
V62.82,733.42,1
V62.82,371.03,1
V62.82,300.14,1
V62.82,370.21,1
995.3,736.79,1
V14.0,240.9,1
V14.0,V43.64,1
702.19,372.4,1
742.9,758.6,1
742.9,54.1,1
758.6,54.1,1
831.00,794.5,1
727.00,357.2,1
727.00,754.0,1
727.00,240.0,1
727.00,733.09,1
733.42,371.03,1
733.42,300.14,1
733.42,370.21,1
371.03,300.14,1
371.03,370.21,1
300.14,370.21,1
473.9,553.21,1
473.9,781.0,1
553.21,781.0,1
716.95,716.91,1
357.2,754.0,1
357.2,240.0,1
357.2,733.09,1
754.0,240.0,1
754.0,733.09,1
240.0,733.09,1
397.0,337.2,1
397.0,427.61,1
337.2,427.61,1
794.31,394.9,1
724.9,721.3,1
920,228.00,1
